{"30+rue+henry+monnier+75009+paris": [2.337704, 48.880574], "85+boulevard+pasteur+paris": [2.316516, 48.839779], "4+rue+de+l+amiral+courbet+saint+mande": [2.417035, 48.845439]}