{"30+rue+henry+monnier+75009+paris": [2.337704, 48.880574], "85+boulevard+pasteur+paris": [2.316516, 48.839779], "4+rue+de+l+amiral+courbet+saint+mande": [2.417035, 48.845439], "30+rue+henry+monnier+paris": [2.337704, 48.880574], "tour+eiffel+": [3.214622, 50.664713], "1169+route+de+la+combe+saint+bonnet+les+oules": [4.34594, 45.55526], "22+rue+germain+pilon+paris": [2.336972, 48.884258], "+wxc+wcx+wcx": [0.0, 0.0], "42+rue+daguerre+mulhouse": [7.318184, 47.745636]}